Employee First Name,Employee Last Name,Employee ID,Department,Designation
Mary,Jones,E1000,Marketing,Marketing Coordinator
Robert,Smith,E1001,Customer Service,Marketing Coordinator
Mary,Rodriguez,E1002,Operations,Operations Manager
Patricia,Miller,E1003,IT,Sales Associate
Jennifer,Miller,E1004,Operations,Customer Service Rep
John,Williams,E1005,IT,Financial Analyst
Michael,Miller,E1006,Operations,Customer Service Rep
Robert,Johnson,E1007,R&D,Developer
William,Davis,E1008,IT,HR Manager
Linda,Jones,E1009,Operations,Operations Manager
James,Williams,E1010,Finance,Marketing Coordinator
Mary,Miller,E1011,Human Resources,Marketing Coordinator
Linda,Brown,E1012,Marketing,HR Manager
Elizabeth,Garcia,E1013,Operations,Operations Manager
Linda,Davis,E1014,Human Resources,Developer
Michael,Smith,E1015,Customer Service,Operations Manager
John,Jones,E1016,Marketing,Financial Analyst
William,Martinez,E1017,Finance,Research Scientist
Robert,Williams,E1018,Marketing,Marketing Coordinator
Elizabeth,Miller,E1019,IT,Sales Associate
Linda,Brown,E1020,Marketing,HR Manager
Jennifer,Davis,E1021,Sales,HR Manager
Robert,Smith,E1022,Human Resources,Sales Associate
Patricia,Williams,E1023,IT,HR Manager
Robert,Martinez,E1024,IT,Marketing Coordinator
Mary,Jones,E1025,Marketing,Customer Service Rep
Linda,Brown,E1026,IT,HR Manager
Patricia,Jones,E1027,IT,Sales Associate
Mary,Smith,E1028,IT,HR Manager
Robert,Williams,E1029,Finance,Operations Manager
Jennifer,Brown,E1030,IT,HR Manager
Linda,Jones,E1031,Operations,Operations Manager
William,Johnson,E1032,Sales,Developer
Jennifer,Garcia,E1033,Marketing,Developer
Elizabeth,Miller,E1034,IT,Financial Analyst
Elizabeth,Williams,E1035,Human Resources,Research Scientist
Linda,Rodriguez,E1036,Human Resources,Developer
William,Smith,E1037,Finance,Marketing Coordinator
Linda,Jones,E1038,Customer Service,Customer Service Rep
Linda,Williams,E1039,Human Resources,Customer Service Rep
Robert,Davis,E1040,R&D,Research Scientist
Patricia,Martinez,E1041,IT,Research Scientist
Michael,Jones,E1042,Finance,Sales Associate
Elizabeth,Jones,E1043,Customer Service,Customer Service Rep
Jennifer,Davis,E1044,Human Resources,Operations Manager
Jennifer,Miller,E1045,IT,Financial Analyst
Robert,Jones,E1046,Finance,Financial Analyst
William,Williams,E1047,Operations,Research Scientist
Robert,Garcia,E1048,Human Resources,Developer
James,Johnson,E1049,Finance,Operations Manager
William,Brown,E1050,IT,Marketing Coordinator
William,Garcia,E1051,Human Resources,Sales Associate
Mary,Jones,E1052,Human Resources,HR Manager
James,Miller,E1053,Operations,Operations Manager
John,Jones,E1054,Sales,Sales Associate
Jennifer,Garcia,E1055,Human Resources,Financial Analyst
John,Miller,E1056,Human Resources,HR Manager
Mary,Rodriguez,E1057,Finance,Developer
James,Jones,E1058,Operations,Developer
Jennifer,Smith,E1059,Human Resources,Financial Analyst
Michael,Rodriguez,E1060,IT,Developer
Mary,Miller,E1061,Human Resources,Financial Analyst
Mary,Garcia,E1062,Sales,Financial Analyst
Linda,Williams,E1063,Human Resources,HR Manager
Mary,Smith,E1064,Customer Service,Research Scientist
Linda,Jones,E1065,Marketing,Operations Manager
Patricia,Miller,E1066,Marketing,Operations Manager
James,Johnson,E1067,IT,Marketing Coordinator
Michael,Johnson,E1068,Sales,Developer
John,Johnson,E1069,Sales,Financial Analyst
Patricia,Miller,E1070,Operations,Financial Analyst
Robert,Brown,E1071,Customer Service,HR Manager
James,Smith,E1072,Finance,Customer Service Rep
Elizabeth,Brown,E1073,Finance,Customer Service Rep
Robert,Davis,E1074,Finance,Research Scientist
Michael,Smith,E1075,R&D,Customer Service Rep
John,Rodriguez,E1076,Customer Service,Customer Service Rep
James,Davis,E1077,Marketing,Research Scientist
Patricia,Williams,E1078,Marketing,Developer
Linda,Jones,E1079,Customer Service,Customer Service Rep
Jennifer,Smith,E1080,Finance,Financial Analyst
Mary,Smith,E1081,Human Resources,Developer
Robert,Rodriguez,E1082,R&D,Marketing Coordinator
Michael,Williams,E1083,Sales,Developer
Robert,Johnson,E1084,R&D,HR Manager
William,Williams,E1085,Sales,Operations Manager
Robert,Miller,E1086,Customer Service,Operations Manager
Patricia,Davis,E1087,Operations,Sales Associate
Linda,Williams,E1088,Customer Service,HR Manager
Linda,Williams,E1089,Operations,Operations Manager
Elizabeth,Davis,E1090,Human Resources,Research Scientist
William,Jones,E1091,Marketing,Financial Analyst
Linda,Jones,E1092,Customer Service,Research Scientist
John,Rodriguez,E1093,Operations,Sales Associate
Patricia,Martinez,E1094,Human Resources,Sales Associate
Mary,Johnson,E1095,Marketing,Financial Analyst
Michael,Garcia,E1096,Sales,Financial Analyst
Elizabeth,Jones,E1097,Sales,Financial Analyst
William,Garcia,E1098,Sales,Customer Service Rep
Mary,Jones,E1099,IT,Sales Associate
Aashish,Soni,E1099,Sales,Sales Associate
