Date,Department,Expense Category,Amount,Paid,Remarks
10-08-2022,IT,Salaries,,,Rejected
30-01-2021,Sales,Travel,439.24,TRUE,Rejected
12-07-2020,HR,Salaries,9985.41,FALSE,Approved
08-08-2022,HR,Misc,1402.6,FALSE,Approved
18-01-2021,HR,Equipment,7429.44,,Approved
01-11-2020,Marketing,Utilities,8228.05,,Approved
11-10-2021,HR,Utilities,3793.24,FALSE,Rejected
25-07-2020,R&D,Utilities,2048.84,,Rejected
16-04-2022,IT,Salaries,2048.84,TRUE,
27-06-2022,Sales,Misc,7511.2,FALSE,Rejected
22-08-2021,Sales,Utilities,4581.27,FALSE,Pending
22-12-2022,IT,Misc,7165.81,TRUE,
25-12-2022,R&D,Equipment,9162.54,FALSE,Rejected
08-02-2020,Marketing,Travel,1551.18,FALSE,Rejected
02-03-2020,Sales,Travel,9199.79,TRUE,Rejected
05-11-2020,Marketing,Equipment,4175.1,,Rejected
14-04-2022,Marketing,Travel,3122.14,FALSE,
14-03-2021,Sales,Utilities,9436.32,TRUE,Rejected
18-07-2022,Marketing,Salaries,9907.45,TRUE,
18-06-2021,IT,Travel,2069.03,,Approved
10-08-2021,HR,Equipment,6602.7,,Approved
04-03-2021,Sales,Salaries,1154.3,FALSE,
31-10-2021,HR,Equipment,6544.05,TRUE,Rejected
11-07-2020,Sales,Utilities,8290.4,FALSE,
08-05-2021,R&D,Equipment,6876.54,TRUE,
15-07-2022,HR,Utilities,4231.6,TRUE,Pending
10-08-2022,Sales,Travel,3892.36,FALSE,
25-10-2021,Marketing,Salaries,3991.91,FALSE,Pending
10-09-2021,HR,Misc,5938.15,TRUE,Pending
26-11-2020,HR,Salaries,8827.52,TRUE,Pending
04-12-2020,HR,Misc,9297.75,FALSE,
26-02-2020,Sales,Travel,629.94,,Rejected
17-04-2020,Marketing,Equipment,1898.06,TRUE,Pending
06-02-2022,Marketing,Utilities,1211.02,,
21-03-2022,Marketing,Utilities,2014.01,FALSE,Approved
28-01-2021,Sales,Utilities,3531.42,,Pending
19-10-2021,R&D,Travel,5114.66,,Pending
05-03-2020,IT,Travel,6331.67,TRUE,Pending
05-03-2021,HR,Misc,7348.21,TRUE,Pending
27-11-2021,HR,Salaries,8912.1,,
30-01-2020,R&D,Salaries,9891.98,TRUE,Approved
23-06-2020,IT,Equipment,6662.28,,Pending
18-02-2021,R&D,Misc,8469.11,,Approved
20-02-2022,Sales,Travel,7802.58,FALSE,Pending
24-02-2021,Sales,Travel,3144.57,,Approved
01-02-2022,IT,Utilities,8769.35,FALSE,
02-08-2020,Sales,Misc,523.36,TRUE,Rejected
17-07-2021,IT,Misc,103.64,,Approved
23-02-2020,Marketing,Travel,2809.95,FALSE,Approved
19-12-2022,IT,Misc,4674.77,FALSE,Pending
17-02-2022,Marketing,Utilities,6419.79,FALSE,Approved
10-01-2020,R&D,Utilities,1107.53,,Approved
30-09-2020,R&D,Travel,6762.8,TRUE,Approved
08-09-2021,Sales,Travel,8037.98,,Pending
12-09-2020,Marketing,Misc,1934.6,TRUE,Rejected
16-02-2020,Marketing,Misc,4209.74,FALSE,Rejected
05-01-2020,Marketing,Salaries,5247.85,,Pending
04-06-2022,Marketing,Misc,4572.89,FALSE,Rejected
15-09-2021,HR,Misc,8018.32,TRUE,Pending
02-05-2021,HR,Equipment,9609.17,FALSE,Pending
13-05-2022,R&D,Travel,8009.64,FALSE,
30-09-2022,HR,Misc,872.13,TRUE,Approved
22-02-2020,Sales,Equipment,8068.86,TRUE,Pending
06-09-2020,HR,Misc,759.3,FALSE,Rejected
12-10-2020,IT,Travel,2436.11,TRUE,Pending
08-06-2022,Marketing,Salaries,1615.66,,Approved
12-02-2020,R&D,Utilities,2055.44,,
21-09-2021,IT,Travel,5330.32,TRUE,Approved
20-08-2020,HR,Travel,6749.73,,Rejected
30-05-2020,IT,Equipment,4756.18,FALSE,
04-02-2021,IT,Equipment,9600.99,TRUE,Rejected
11-08-2020,IT,Equipment,2478.89,,Rejected
27-10-2021,HR,Salaries,7655.09,TRUE,Approved
04-12-2021,IT,Equipment,8714.8,,Pending
31-01-2021,IT,Travel,5664.45,TRUE,Pending
02-08-2022,IT,Equipment,4616.6,FALSE,
10-05-2020,Sales,Misc,6002.23,FALSE,Approved
23-08-2021,IT,Misc,4345.22,TRUE,
02-06-2020,HR,Utilities,5596.42,,Pending
29-10-2020,R&D,Misc,4227.65,,
17-09-2022,Sales,Utilities,4064.65,TRUE,Pending
25-02-2021,Marketing,Misc,6983.93,,Pending
02-06-2020,Marketing,Salaries,1019.23,,Approved
26-07-2021,HR,Utilities,1748.77,TRUE,
01-01-2020,Sales,Misc,8526.86,,Pending
10-02-2021,Sales,Utilities,7733.67,FALSE,Rejected
10-08-2020,Marketing,Utilities,2886.39,,
09-08-2021,R&D,Misc,3834.96,TRUE,Approved
19-05-2022,IT,Travel,9267.66,TRUE,Approved
13-03-2022,R&D,Equipment,8198.96,TRUE,Pending
12-07-2021,Sales,Utilities,6182.03,FALSE,
26-09-2022,HR,Utilities,2292.75,,Rejected
05-08-2020,R&D,Utilities,538.09,TRUE,Approved
05-05-2021,R&D,Equipment,4369.45,TRUE,Pending
09-04-2021,Sales,Utilities,6759.01,TRUE,Approved
16-07-2021,Marketing,Utilities,8301.96,,Approved
21-04-2022,Sales,Misc,8541.62,,Approved
24-03-2022,R&D,Travel,424.48,,Rejected
26-09-2022,R&D,Salaries,2517.15,,Rejected
30-05-2022,HR,Salaries,3457.04,,Rejected
01-02-2020,R&D,Equipment,1968.45,,Rejected
30-01-2020,HR,Salaries,8049.46,TRUE,Rejected
22-10-2022,R&D,Travel,7697.91,FALSE,Rejected
14-08-2022,Marketing,Salaries,5216.65,TRUE,
27-03-2020,R&D,Travel,9830.97,FALSE,Pending
13-05-2022,HR,Travel,1526.18,TRUE,Rejected
07-11-2020,HR,Misc,9006.55,TRUE,Rejected
27-09-2020,HR,Salaries,1252.99,FALSE,
05-04-2022,R&D,Utilities,1715.5,TRUE,
24-12-2021,HR,Equipment,6992.57,FALSE,Approved
15-01-2020,IT,Utilities,1184.74,FALSE,
23-09-2021,Marketing,Salaries,5701.87,FALSE,Approved
05-10-2020,R&D,Salaries,4260.31,TRUE,Rejected
12-12-2020,HR,Utilities,7311.89,,Rejected
14-02-2021,Marketing,Misc,9016.68,TRUE,Approved
15-01-2022,R&D,Salaries,7721.73,TRUE,
23-12-2020,Marketing,Misc,8511.93,FALSE,Approved
11-12-2022,IT,Equipment,426.16,FALSE,Approved
08-01-2021,R&D,Salaries,3170.94,,
22-12-2022,HR,Utilities,5202.79,FALSE,Approved
26-02-2020,Sales,Misc,4217.94,,Approved
28-04-2021,HR,Equipment,2389.42,TRUE,Approved
20-10-2020,R&D,Travel,3147.95,FALSE,Approved
19-11-2021,HR,Equipment,9459.77,TRUE,Pending
19-10-2020,Sales,Misc,3012.39,,Rejected
04-08-2021,Sales,Salaries,3603.65,,Rejected
05-07-2022,Sales,Salaries,136.73,,
08-12-2022,HR,Travel,8466.27,TRUE,Approved
23-06-2021,R&D,Misc,1632.92,,Rejected
27-02-2020,HR,Salaries,2121.03,,Approved
27-01-2020,Sales,Salaries,2627.12,TRUE,Pending
25-11-2021,IT,Misc,8857.76,TRUE,Pending
17-10-2022,Sales,Equipment,2143.87,,
02-05-2021,Sales,Utilities,7995.51,FALSE,Rejected
01-11-2020,R&D,Equipment,8099.69,,
17-01-2021,HR,Misc,9277.5,FALSE,Pending
10-08-2022,R&D,Equipment,1244.06,TRUE,Approved
26-11-2022,HR,Salaries,2251.06,TRUE,Pending
16-03-2022,Sales,Misc,7454.69,TRUE,Approved
02-07-2021,Sales,Salaries,2040.41,TRUE,Rejected
01-07-2020,Sales,Salaries,2934.66,TRUE,Approved
01-01-2022,HR,Salaries,1750.74,TRUE,Rejected
12-12-2022,Sales,Equipment,1809.7,TRUE,Rejected
23-02-2020,R&D,Utilities,4867.38,FALSE,
13-11-2021,R&D,Travel,1185.86,,Approved
26-07-2020,Sales,Utilities,3284.81,,Rejected
10-10-2021,IT,Travel,4323.28,TRUE,Rejected
15-12-2021,HR,Misc,343.03,TRUE,Pending
19-08-2020,IT,Utilities,3944.5,TRUE,Pending
23-10-2022,Sales,Travel,1031.81,,
19-10-2022,IT,Salaries,4986.43,FALSE,
04-02-2020,HR,Misc,8274.81,FALSE,Approved
04-11-2021,HR,Utilities,8202.38,FALSE,Approved
29-06-2021,IT,Equipment,896.44,,Rejected
26-08-2020,Marketing,Misc,6052.15,FALSE,Pending
03-09-2020,HR,Salaries,8362.41,TRUE,Rejected
25-02-2020,Sales,Salaries,2455.93,TRUE,Approved
05-07-2022,Sales,Salaries,7643.07,,Approved
29-05-2020,Sales,Travel,8918.57,FALSE,
28-09-2022,Marketing,Utilities,8080.63,,Pending
29-09-2022,Sales,Misc,1162.28,,Rejected
19-09-2020,IT,Utilities,189.69,FALSE,Pending
13-09-2022,Marketing,Utilities,1998.07,FALSE,
07-03-2020,HR,Travel,2777.73,TRUE,Approved
25-10-2021,Marketing,Travel,6200.21,FALSE,
07-11-2022,Sales,Salaries,3904.3,FALSE,Approved
10-04-2020,Sales,Utilities,7063.73,TRUE,Pending
21-12-2021,IT,Travel,3595.44,TRUE,
18-08-2020,HR,Salaries,1628.81,TRUE,Pending
17-11-2022,HR,Misc,3195.63,TRUE,Rejected
18-11-2021,Marketing,Travel,8854.81,FALSE,Pending
08-11-2021,Sales,Travel,9589.47,,Rejected
30-03-2022,Sales,Misc,2154.38,,Approved
12-09-2022,Marketing,Misc,7905.84,,Pending
17-08-2022,R&D,Travel,2806.15,TRUE,Pending
19-03-2020,Sales,Misc,8882.6,FALSE,Rejected
17-06-2020,HR,Misc,1738.9,,
04-10-2021,Marketing,Salaries,6693,FALSE,Rejected
31-07-2021,Marketing,Travel,933.69,FALSE,Rejected
09-07-2022,IT,Misc,9741.54,TRUE,Approved
13-07-2021,Sales,Salaries,7036.27,TRUE,Pending
09-08-2021,Sales,Travel,8433.98,FALSE,
18-08-2021,HR,Travel,5710.03,FALSE,
08-08-2020,R&D,Travel,4820.33,FALSE,Pending
21-11-2021,HR,Misc,6256.64,FALSE,
12-12-2021,R&D,Misc,5334.54,FALSE,Rejected
10-08-2022,IT,Utilities,4746.91,FALSE,Approved
27-12-2020,HR,Salaries,7618.56,TRUE,Pending
13-03-2020,HR,Utilities,1864.19,FALSE,Approved
01-02-2022,Sales,Salaries,1794.6,FALSE,Rejected
24-03-2020,HR,Equipment,4375.24,,Rejected
25-05-2021,Sales,Utilities,3275.4,,Approved
03-12-2022,IT,Travel,833.83,,
05-08-2022,R&D,Equipment,8460.26,TRUE,
19-08-2020,HR,Equipment,7738.87,FALSE,
04-10-2020,IT,Equipment,5484.82,TRUE,Approved
11-12-2022,Sales,Salaries,9795.31,FALSE,
22-12-2020,R&D,Misc,818.74,TRUE,
17-08-2021,HR,Misc,7690.03,TRUE,Approved
25-02-2020,HR,Equipment,2737.07,TRUE,Approved
07-09-2021,Marketing,Misc,3749.13,TRUE,Approved
21-01-2021,HR,Travel,2270.87,,
12-04-2021,IT,Misc,7911.48,TRUE,Approved
01-11-2022,HR,Salaries,1527.98,TRUE,Rejected
08-09-2021,HR,Equipment,8416.17,FALSE,
09-09-2021,Marketing,Utilities,6649.62,FALSE,Approved
25-05-2022,Marketing,Travel,684.33,,Approved
10-02-2020,Marketing,Utilities,8128.72,TRUE,Pending
20-12-2022,HR,Equipment,6314.78,FALSE,Rejected
22-06-2020,R&D,Equipment,9059.32,TRUE,Rejected
08-05-2020,R&D,Utilities,7512.35,TRUE,
13-02-2022,IT,Equipment,5655.1,TRUE,Rejected
16-11-2021,HR,Equipment,8381.82,FALSE,
29-01-2022,Marketing,Equipment,2852.7,FALSE,Approved
07-08-2020,R&D,Misc,5514.81,TRUE,
29-11-2022,HR,Misc,3006.81,TRUE,Approved
11-12-2020,Marketing,Salaries,9685.22,TRUE,Approved
11-07-2020,IT,Utilities,2339.34,FALSE,Approved
12-12-2020,R&D,Travel,255.81,TRUE,Pending
28-12-2022,R&D,Utilities,3325.96,,Approved
04-06-2020,Sales,Utilities,5074.84,TRUE,Approved
09-03-2022,Marketing,Salaries,380.79,,
30-09-2022,Sales,Misc,5636.56,FALSE,Pending
17-09-2021,IT,Travel,8755.4,TRUE,Approved
23-11-2022,Sales,Travel,7076.85,FALSE,Approved
05-12-2020,HR,Salaries,6267.39,,Pending
13-01-2022,R&D,Equipment,9564.02,FALSE,Approved
10-01-2021,Sales,Utilities,9586.97,FALSE,
22-11-2022,Sales,Utilities,8260.24,FALSE,
24-02-2022,Marketing,Travel,6116.64,TRUE,Approved
15-04-2022,Marketing,Utilities,4928.87,FALSE,
17-03-2021,Sales,Travel,231.83,,Approved
03-05-2021,HR,Misc,6101.99,TRUE,Rejected
06-11-2021,Sales,Misc,9891.97,,Approved
19-04-2020,HR,Travel,8199.2,,Approved
15-02-2020,Sales,Salaries,3471.99,TRUE,Approved
02-10-2021,IT,Utilities,1605.27,FALSE,Rejected
13-07-2022,IT,Travel,7862.18,FALSE,Pending
07-04-2020,Sales,Salaries,7464.98,FALSE,Pending
26-01-2022,Marketing,Misc,9673.76,FALSE,Approved
26-09-2021,HR,Utilities,8760.94,FALSE,Pending
22-12-2022,IT,Utilities,5601.06,,Approved
10-12-2022,HR,Misc,1102.71,,Rejected
17-10-2020,R&D,Equipment,4886.66,TRUE,Pending
04-04-2020,Marketing,Travel,3205.58,FALSE,Rejected
15-04-2022,Marketing,Salaries,5172.84,FALSE,Pending
03-02-2021,R&D,Salaries,3086.85,FALSE,Rejected
17-12-2022,Marketing,Equipment,8632.05,,Rejected
09-10-2022,IT,Salaries,8458.84,TRUE,
10-01-2022,R&D,Salaries,3223.11,FALSE,Approved
17-11-2021,IT,Utilities,6035.86,TRUE,Approved
20-08-2022,IT,Travel,4358.79,,Pending
13-02-2020,R&D,Utilities,9100.02,FALSE,Rejected
28-10-2020,HR,Misc,1954.87,,
09-01-2021,HR,Utilities,7007.51,FALSE,
15-08-2020,Marketing,Equipment,9706.72,TRUE,Pending
12-11-2022,R&D,Travel,1835.23,FALSE,Approved
17-07-2021,IT,Equipment,2099.47,FALSE,
09-01-2020,HR,Travel,6967.86,,Rejected
18-11-2021,HR,Travel,7813.62,TRUE,
29-01-2020,Marketing,Travel,4956.44,TRUE,Approved
25-02-2021,Marketing,Salaries,6135.9,FALSE,Pending
11-06-2021,Marketing,Utilities,2205.56,,Rejected
10-07-2022,Marketing,Salaries,4818.48,FALSE,Approved
14-07-2022,R&D,Salaries,1209.51,,
09-09-2021,Sales,Utilities,3282.08,FALSE,Rejected
06-11-2022,HR,Equipment,2919.32,FALSE,Rejected
29-07-2020,Marketing,Travel,4501.79,,Pending
10-06-2020,IT,Equipment,9308.25,FALSE,
11-11-2022,HR,Equipment,1894.55,TRUE,
20-11-2022,Marketing,Misc,4073.74,TRUE,Approved
17-09-2022,Marketing,Salaries,6194.41,,
20-04-2022,R&D,Travel,9470.92,,Rejected
07-11-2022,Sales,Utilities,1418.17,FALSE,
22-06-2022,Sales,Equipment,9186.98,FALSE,Pending
21-04-2020,R&D,Misc,902.43,TRUE,
28-10-2020,IT,Misc,4859.34,,
27-05-2020,Sales,Equipment,4600.44,,Approved
13-07-2021,IT,Equipment,2175.07,TRUE,Pending
11-02-2021,HR,Misc,3539.85,,Approved
01-02-2020,HR,Salaries,4596.24,FALSE,
22-01-2020,Sales,Misc,8665.59,,Rejected
08-05-2020,Sales,Misc,9555.14,,Pending
19-09-2021,HR,Misc,5237.36,FALSE,Approved
28-03-2021,HR,Salaries,8713.99,FALSE,Pending
25-08-2021,Sales,Salaries,6120.9,TRUE,Rejected
16-11-2020,HR,Salaries,3555.96,TRUE,Rejected
25-08-2022,Sales,Utilities,2022.52,TRUE,Approved
15-02-2021,R&D,Utilities,4190.03,,Approved
09-03-2021,Marketing,Utilities,5275.96,FALSE,Approved
05-07-2022,Sales,Utilities,539.99,,Rejected
04-07-2020,IT,Travel,1543.83,FALSE,
22-03-2021,Sales,Travel,6041.83,FALSE,Pending
21-02-2022,HR,Travel,2327.52,,Approved
05-06-2020,IT,Equipment,8389.53,,
13-07-2020,IT,Travel,3336.73,,
03-11-2021,Marketing,Equipment,1137.86,FALSE,
11-03-2021,Sales,Misc,926.95,FALSE,Pending
30-07-2020,R&D,Travel,9377.52,,Rejected
06-04-2020,IT,Salaries,1268.4,FALSE,
07-01-2021,IT,Utilities,1495.01,FALSE,Pending
23-05-2020,R&D,Equipment,8640.39,,Approved
30-08-2021,IT,Misc,2617.45,FALSE,
21-08-2021,HR,Travel,6692.92,TRUE,Approved
17-10-2021,R&D,Utilities,8185.58,,Approved
05-03-2022,HR,Salaries,6111.09,TRUE,Rejected
06-08-2020,Sales,Misc,9579.14,TRUE,Rejected
02-04-2020,Sales,Salaries,7117.94,TRUE,
15-03-2022,Sales,Travel,1216.24,TRUE,Rejected
16-05-2022,HR,Equipment,5628.26,TRUE,Pending
22-10-2022,IT,Misc,7210.05,TRUE,
26-10-2022,IT,Travel,8039.38,,
05-06-2021,R&D,Travel,360.58,,Approved
27-11-2021,R&D,Equipment,7216.9,FALSE,
01-07-2021,IT,Equipment,8274.24,,Rejected
05-09-2022,Marketing,Travel,7493.65,TRUE,
17-09-2022,HR,Equipment,5172.26,,Rejected
02-02-2022,HR,Misc,4634.41,TRUE,Approved
16-06-2020,HR,Equipment,5539.24,TRUE,Approved
25-05-2021,Marketing,Misc,7075.97,,Approved
07-06-2021,R&D,Travel,9236.85,TRUE,Pending
21-11-2020,R&D,Utilities,6208.65,TRUE,Pending
29-09-2020,HR,Travel,8889.56,TRUE,Rejected
12-04-2020,R&D,Travel,7042.44,TRUE,Pending
04-04-2021,HR,Travel,776.53,TRUE,Rejected
25-01-2021,IT,Misc,5058.2,,
29-01-2022,IT,Utilities,2936.21,TRUE,
15-09-2021,R&D,Equipment,2923.23,,Approved
23-03-2020,Marketing,Salaries,3623.68,,Pending
18-11-2022,R&D,Misc,3215.85,,Rejected
14-06-2020,Sales,Travel,5828.24,,Rejected
16-07-2022,HR,Travel,6867.65,,Pending
02-04-2020,Sales,Salaries,2760.62,TRUE,Rejected
15-06-2020,R&D,Equipment,1384.65,,Approved
14-09-2022,IT,Utilities,682.21,,Rejected
31-08-2022,HR,Travel,5799.95,FALSE,Approved
16-11-2022,R&D,Salaries,1942.69,,
18-05-2022,Marketing,Travel,191.56,,
25-05-2020,R&D,Salaries,9284.76,FALSE,Pending
25-11-2021,Marketing,Equipment,5417.69,,
25-07-2020,IT,Salaries,1015.24,TRUE,Pending
25-11-2020,Marketing,Travel,8444.92,,Rejected
23-01-2021,Sales,Misc,9833.71,FALSE,Pending
17-04-2021,Sales,Equipment,4541.15,,Pending
12-02-2020,Sales,Salaries,520.65,TRUE,
23-04-2021,Sales,Misc,1263.7,,Approved
14-10-2020,Sales,Utilities,3878.37,TRUE,Approved
11-09-2020,Marketing,Utilities,8866.67,TRUE,Pending
26-04-2021,Sales,Salaries,1565.58,FALSE,Pending
06-03-2022,HR,Equipment,8257.5,FALSE,
25-07-2021,Marketing,Travel,248.26,TRUE,
25-09-2022,IT,Utilities,4628.15,,Rejected
23-02-2021,Marketing,Misc,6479.53,FALSE,Approved
13-03-2020,R&D,Misc,697.76,FALSE,
03-01-2022,IT,Misc,6186.15,TRUE,Pending
08-06-2020,Sales,Utilities,9449.6,FALSE,
03-11-2021,Sales,Salaries,1686.57,,Rejected
07-07-2020,R&D,Utilities,7323.15,FALSE,
03-04-2021,Sales,Equipment,6130.03,,
23-05-2020,IT,Equipment,1932.65,TRUE,Approved
19-12-2022,IT,Salaries,161.41,TRUE,Rejected
19-04-2020,IT,Misc,191.92,FALSE,
20-12-2020,Marketing,Utilities,5367.71,FALSE,Pending
19-11-2020,Marketing,Salaries,9433.52,TRUE,Pending
13-01-2021,IT,Travel,6478.56,FALSE,Pending
05-09-2022,Marketing,Equipment,7171.57,FALSE,Approved
21-01-2022,Marketing,Travel,4989.27,,Approved
22-03-2020,HR,Travel,5860.7,FALSE,Pending
08-08-2021,Marketing,Utilities,1351.04,TRUE,Rejected
11-09-2021,HR,Salaries,8780.52,TRUE,Pending
18-09-2021,HR,Travel,7631.85,TRUE,Pending
10-12-2020,Marketing,Travel,9982.17,,
16-09-2021,Marketing,Misc,3047.46,FALSE,Approved
01-09-2021,Marketing,Misc,2347.48,,Rejected
29-12-2022,Sales,Travel,1339.1,TRUE,Rejected
17-05-2020,HR,Utilities,9645.68,TRUE,Approved
15-04-2022,Sales,Travel,7830.76,TRUE,Rejected
07-09-2020,IT,Equipment,1746.61,TRUE,
10-03-2021,Marketing,Salaries,5571.6,,Rejected
12-06-2022,IT,Utilities,4196.31,TRUE,
24-02-2020,Sales,Misc,1599.71,,Pending
30-11-2021,HR,Salaries,1704.52,FALSE,Rejected
14-07-2021,R&D,Equipment,9638.35,FALSE,Approved
31-07-2020,Marketing,Utilities,3119.15,FALSE,
07-07-2021,IT,Utilities,9420.25,,
07-12-2020,IT,Utilities,848.55,FALSE,Pending
08-08-2022,IT,Misc,4661.95,FALSE,Pending
02-03-2022,Sales,Salaries,1383.23,TRUE,Approved
22-05-2021,Sales,Equipment,147.4,TRUE,Rejected
13-08-2020,R&D,Travel,5582.28,,Pending
19-05-2021,Sales,Travel,1227.55,,
06-09-2020,HR,Travel,7248.04,FALSE,
11-08-2022,HR,Salaries,7011.35,TRUE,
17-08-2021,IT,Utilities,1845.7,TRUE,
23-12-2021,Marketing,Equipment,9423.25,FALSE,
03-09-2021,IT,Misc,7238.33,FALSE,Rejected
23-08-2022,HR,Utilities,3049.91,FALSE,
07-08-2022,HR,Misc,7121.41,,Rejected
20-08-2022,HR,Utilities,7346.11,,Rejected
07-06-2020,IT,Travel,3488.04,TRUE,
12-05-2021,R&D,Utilities,3818.33,TRUE,Approved
09-02-2022,Marketing,Travel,3655.15,TRUE,
30-09-2021,R&D,Travel,6204.52,,Rejected
23-05-2021,R&D,Equipment,9014.06,TRUE,
05-01-2021,Marketing,Equipment,1814.61,TRUE,Pending
01-01-2020,HR,Misc,8764.48,TRUE,Pending
07-06-2022,HR,Misc,373.77,,Approved
07-01-2020,IT,Salaries,6637.35,,
21-02-2021,IT,Salaries,4202.94,FALSE,Pending
27-10-2020,R&D,Misc,7933.69,TRUE,Rejected
23-02-2022,Marketing,Equipment,7239.86,,Pending
30-12-2020,Marketing,Travel,4853.07,TRUE,Approved
04-02-2022,Sales,Salaries,6474.25,,Rejected
18-11-2021,Sales,Equipment,5067.55,FALSE,Rejected
13-01-2021,R&D,Travel,8134.03,,Approved
26-04-2021,IT,Salaries,4813.23,,Pending
08-02-2021,HR,Equipment,5279.24,TRUE,Rejected
27-04-2022,HR,Misc,2580.15,TRUE,Pending
06-07-2020,R&D,Equipment,6089.93,TRUE,Rejected
27-03-2020,Marketing,Salaries,3098.76,,Approved
16-04-2021,Sales,Travel,5815.11,TRUE,
21-12-2022,IT,Salaries,1779.81,TRUE,Pending
28-08-2020,Marketing,Utilities,1678.74,FALSE,Approved
06-05-2021,IT,Misc,4228.59,TRUE,
20-11-2021,IT,Utilities,4325.51,TRUE,
10-07-2021,R&D,Salaries,2754.28,,
12-03-2022,Sales,Salaries,1402.81,FALSE,Approved
25-05-2020,Sales,Equipment,488.18,TRUE,Rejected
21-01-2020,HR,Equipment,349.8,TRUE,Approved
26-12-2021,Marketing,Utilities,2788.35,,Pending
18-01-2020,Marketing,Equipment,4672.35,TRUE,
01-03-2020,Sales,Equipment,7289.81,TRUE,Rejected
15-10-2020,IT,Utilities,4801.23,TRUE,Rejected
26-12-2022,HR,Equipment,9050.1,FALSE,Approved
09-03-2022,HR,Utilities,448.68,FALSE,Rejected
17-08-2020,IT,Travel,1888.54,FALSE,Approved
03-12-2020,HR,Utilities,3451.29,TRUE,Rejected
04-09-2020,IT,Equipment,5817.21,,
03-10-2022,HR,Misc,8542.09,,Pending
23-06-2022,Sales,Misc,3567,TRUE,Approved
06-01-2022,HR,Utilities,2753.09,,Pending
03-08-2022,HR,Misc,712.7,,Pending
23-02-2022,Marketing,Misc,8230.9,,Pending
11-05-2022,HR,Equipment,3858.7,FALSE,Rejected
30-04-2020,IT,Travel,5758.35,,
15-06-2021,Sales,Travel,9837.2,FALSE,
11-01-2021,HR,Equipment,115.79,TRUE,Pending
13-05-2021,Sales,Travel,1539.96,TRUE,Pending
21-04-2021,Sales,Utilities,7813.2,,
02-04-2021,HR,Travel,8070.76,FALSE,Rejected
08-01-2022,Marketing,Misc,7715.55,FALSE,Rejected
11-03-2020,R&D,Equipment,5416.29,TRUE,Approved
02-05-2020,HR,Salaries,9790.68,FALSE,
03-12-2021,R&D,Misc,4022.23,TRUE,
23-08-2022,HR,Misc,6059.24,,
15-02-2020,Sales,Utilities,727.35,FALSE,Rejected
27-05-2022,HR,Salaries,4157.59,TRUE,Rejected
20-02-2022,R&D,Utilities,7252.75,FALSE,Approved
18-12-2020,Sales,Equipment,2463.51,TRUE,
07-07-2022,HR,Salaries,9443.89,,Approved
03-03-2022,Marketing,Equipment,6899.16,FALSE,
10-02-2021,IT,Travel,2947,FALSE,
16-12-2021,HR,Misc,7713.09,FALSE,
01-01-2020,Marketing,Travel,923.33,FALSE,Approved
03-03-2020,R&D,Equipment,9750.27,TRUE,Pending
27-08-2021,Marketing,Utilities,587.92,,Rejected
30-09-2020,IT,Misc,9341.21,,Rejected
30-01-2022,Marketing,Misc,2603.25,TRUE,Approved
23-01-2020,HR,Salaries,7602.46,,Approved
25-02-2021,Marketing,Travel,100.73,FALSE,Rejected
10-09-2020,HR,Equipment,2616.98,,
21-02-2020,R&D,Equipment,7516.1,FALSE,Approved
06-04-2020,IT,Equipment,5370.13,FALSE,
08-02-2021,Marketing,Equipment,1238.03,FALSE,Rejected
31-07-2020,IT,Utilities,3996.93,FALSE,Rejected
19-05-2022,Marketing,Equipment,3817.94,TRUE,Rejected
11-08-2021,IT,Utilities,5724.81,,
10-07-2020,Marketing,Utilities,6712.97,FALSE,Approved
18-01-2021,R&D,Salaries,8424.22,FALSE,Rejected
02-01-2020,R&D,Salaries,5022.59,TRUE,
23-12-2022,HR,Travel,3981.02,,
02-01-2022,Marketing,Equipment,1525.37,TRUE,Pending
06-08-2022,R&D,Utilities,8067.75,FALSE,Rejected
11-04-2020,R&D,Salaries,7162.37,FALSE,Approved
01-12-2021,IT,Equipment,4145.91,,Rejected
01-01-2021,R&D,Salaries,5232.48,TRUE,Pending
09-02-2021,R&D,Salaries,6685.31,,Rejected
09-08-2020,HR,Travel,1731.58,FALSE,Pending
03-06-2022,Sales,Utilities,369.26,TRUE,Pending
12-06-2022,IT,Utilities,3243.29,FALSE,Rejected
30-03-2020,R&D,Salaries,5996.29,,Approved
19-03-2022,Sales,Equipment,4917.4,FALSE,Rejected
10-08-2021,Sales,Utilities,6956.29,TRUE,
20-09-2020,R&D,Travel,8214.93,FALSE,
21-04-2022,HR,Utilities,4935.58,,Pending
08-12-2020,Marketing,Travel,1429.24,FALSE,
08-05-2022,HR,Equipment,8521.22,FALSE,Rejected
21-01-2021,R&D,Salaries,5792.4,,
20-01-2020,IT,Equipment,7425.38,,Rejected
14-04-2022,Marketing,Equipment,7076.18,FALSE,
05-02-2022,Marketing,Travel,9685.3,,Approved
23-03-2020,R&D,Equipment,3023.54,TRUE,
02-06-2022,R&D,Salaries,7082.54,FALSE,Pending
28-01-2022,IT,Utilities,3720.2,,Approved
24-01-2022,HR,Travel,4014.57,FALSE,Approved
14-10-2022,IT,Travel,2382.89,TRUE,Rejected
31-05-2021,R&D,Equipment,3505.7,TRUE,Rejected
24-04-2021,IT,Equipment,9488.14,,Pending
03-02-2022,R&D,Equipment,2996.45,FALSE,Pending
25-07-2021,Marketing,Misc,2535.31,TRUE,Pending
27-07-2022,IT,Salaries,5873.07,TRUE,Pending
04-02-2021,Sales,Equipment,2654.56,FALSE,Approved
24-12-2022,Marketing,Misc,4786.52,TRUE,Pending
03-03-2021,Sales,Travel,8358.34,TRUE,
03-06-2020,R&D,Salaries,2380.96,TRUE,
07-10-2021,Sales,Misc,4324.24,TRUE,
12-11-2020,HR,Travel,6143.85,TRUE,Pending
27-10-2022,R&D,Utilities,5501.73,,
20-06-2022,Sales,Utilities,9749.76,TRUE,Rejected
01-03-2022,R&D,Salaries,6835.67,TRUE,Approved
02-03-2021,HR,Misc,7425.47,FALSE,Pending
02-12-2022,Sales,Misc,9672.86,FALSE,Approved
31-05-2021,Sales,Travel,4202.94,,Rejected
11-03-2022,Marketing,Utilities,3618.26,,Approved
29-01-2020,Sales,Utilities,534.24,TRUE,Approved
18-03-2021,Sales,Equipment,1923.62,FALSE,Pending
15-07-2022,R&D,Misc,2448.18,TRUE,Approved
03-01-2021,HR,Salaries,1916.69,FALSE,Pending
26-07-2022,IT,Utilities,7572.36,,Rejected
09-04-2022,HR,Salaries,5405.24,TRUE,
30-01-2022,HR,Salaries,6709.57,TRUE,Pending
31-05-2022,Sales,Equipment,8222.58,,Rejected
28-07-2020,IT,Utilities,2384.66,FALSE,Rejected
14-02-2021,IT,Salaries,3326.65,,Pending
27-03-2021,HR,Utilities,7112.77,TRUE,Pending
07-10-2021,R&D,Equipment,3988.31,FALSE,Approved
25-05-2022,IT,Travel,389.78,TRUE,Pending
23-06-2022,IT,Travel,4406.06,,
22-05-2021,HR,Travel,9091.9,FALSE,
25-11-2020,Marketing,Salaries,4149.31,TRUE,
30-03-2021,IT,Salaries,3389.26,FALSE,Rejected
23-05-2020,HR,Salaries,9896.3,FALSE,
02-05-2020,Marketing,Utilities,6479.71,FALSE,
11-08-2022,HR,Misc,3723.38,FALSE,Approved
07-12-2020,HR,Utilities,1109.99,,Pending
14-09-2021,R&D,Travel,7899.71,TRUE,Approved
18-11-2020,Sales,Misc,7109.94,TRUE,Approved
13-08-2020,Marketing,Equipment,9226.97,TRUE,Rejected
25-09-2020,Sales,Misc,2251.03,,Rejected
19-03-2021,Marketing,Equipment,1237.75,TRUE,Rejected
19-04-2021,Marketing,Salaries,7268.32,FALSE,Pending
11-11-2022,IT,Travel,2113.62,TRUE,Rejected
26-07-2021,R&D,Salaries,1843.43,FALSE,
20-09-2021,R&D,Utilities,3266.09,FALSE,Approved
31-01-2020,HR,Salaries,8186.57,FALSE,Rejected
26-05-2021,Sales,Salaries,5441.41,,Approved
02-11-2020,HR,Misc,553.92,TRUE,Rejected
30-05-2020,R&D,Equipment,4692.56,,
14-04-2022,HR,Travel,6871.4,FALSE,Approved
27-07-2022,R&D,Salaries,5429.85,TRUE,Pending
06-04-2020,R&D,Salaries,5767.26,,Approved
17-12-2021,Marketing,Equipment,2325.3,,Approved
24-03-2021,HR,Utilities,8492.62,FALSE,
06-11-2020,Marketing,Utilities,5657.85,FALSE,Pending
01-10-2022,HR,Misc,7161.14,FALSE,Pending
18-03-2022,R&D,Equipment,9820.46,TRUE,Rejected
11-11-2021,R&D,Salaries,4339.17,,Rejected
23-10-2022,IT,Utilities,8822.56,FALSE,Pending
26-06-2020,Marketing,Utilities,172.08,,Pending
26-05-2021,Sales,Travel,430.73,FALSE,Pending
10-02-2020,HR,Travel,5943.77,,Rejected
22-03-2021,Sales,Misc,3183.35,FALSE,Rejected
30-09-2022,IT,Utilities,2557.94,,
27-09-2021,R&D,Utilities,2851.56,TRUE,Pending
03-11-2021,Marketing,Equipment,3252.19,TRUE,
11-11-2021,Sales,Travel,7316.58,TRUE,Pending
18-01-2022,Marketing,Travel,5735.04,FALSE,
16-11-2021,R&D,Utilities,7911.46,FALSE,Approved
30-04-2021,Marketing,Misc,8318.95,,Pending
02-05-2020,Marketing,Utilities,8445.06,,
08-07-2022,HR,Salaries,4204.98,TRUE,Rejected
23-01-2020,Sales,Travel,4270.61,FALSE,Rejected
17-11-2020,IT,Travel,9270.03,FALSE,
30-03-2021,Marketing,Equipment,6651.46,FALSE,Pending
25-08-2021,Marketing,Misc,896.63,FALSE,Rejected
11-01-2021,IT,Equipment,5467.65,TRUE,
17-04-2021,Sales,Travel,3624.47,FALSE,
02-09-2022,R&D,Misc,9875.61,FALSE,Pending
21-08-2021,HR,Utilities,235.19,TRUE,Approved
23-04-2021,IT,Utilities,6160.59,TRUE,Rejected
27-05-2022,Marketing,Misc,7263.87,,
13-06-2021,R&D,Salaries,2960.18,TRUE,Rejected
03-04-2022,HR,Utilities,9739.05,,
01-09-2020,IT,Equipment,8609.41,TRUE,Pending
26-11-2021,Marketing,Utilities,9164.96,TRUE,Pending
22-06-2020,Sales,Utilities,290.4,FALSE,Rejected
18-07-2021,IT,Salaries,5741.73,FALSE,Pending
18-09-2021,Marketing,Utilities,3017.04,TRUE,Rejected
21-01-2021,R&D,Equipment,8505.38,FALSE,Approved
27-09-2022,IT,Equipment,6365.21,,
21-07-2021,HR,Equipment,5434.88,TRUE,Approved
26-08-2022,Sales,Travel,1234.42,,Rejected
19-01-2021,IT,Utilities,5448.21,TRUE,Pending
14-04-2021,IT,Utilities,6355.85,TRUE,Rejected
02-04-2022,Sales,Misc,9563.53,TRUE,Pending
11-10-2022,R&D,Salaries,5892.01,TRUE,Rejected
08-11-2020,HR,Travel,9677.27,TRUE,Approved
06-10-2021,Marketing,Utilities,9619.9,FALSE,
01-01-2020,R&D,Equipment,6536.98,,
21-09-2020,Marketing,Travel,5108.49,TRUE,Approved
23-10-2021,HR,Travel,4713.62,FALSE,Approved
01-08-2022,R&D,Equipment,8914.75,TRUE,Approved
05-09-2021,IT,Misc,379.74,TRUE,Rejected
05-05-2022,R&D,Utilities,1226.7,,Approved
09-03-2020,Marketing,Salaries,1110.51,TRUE,
04-12-2021,IT,Misc,7593.66,,Pending
08-04-2022,Sales,Salaries,3462.55,TRUE,
16-02-2022,R&D,Salaries,6415.89,FALSE,Approved
26-05-2020,R&D,Utilities,6077.45,TRUE,Pending
06-04-2021,IT,Travel,3919.7,FALSE,
29-09-2021,R&D,Equipment,5362.52,FALSE,
20-11-2021,IT,Salaries,6486.87,FALSE,
09-07-2022,Sales,Misc,9415.41,FALSE,Approved
17-04-2020,R&D,Utilities,5798.78,TRUE,Pending
10-06-2020,Marketing,Utilities,6182.24,TRUE,Approved
02-06-2020,R&D,Misc,771.77,FALSE,Rejected
15-10-2021,IT,Salaries,9526.94,FALSE,Approved
20-06-2021,IT,Salaries,5328.01,,Approved
09-01-2022,Marketing,Salaries,8032.61,TRUE,Rejected
16-02-2022,Marketing,Misc,597.88,,Approved
24-07-2022,IT,Salaries,4267.01,FALSE,Rejected
09-02-2021,IT,Misc,2644.06,,Pending
02-01-2021,R&D,Utilities,2743.06,,
29-11-2022,IT,Misc,7935.39,FALSE,Pending
02-08-2021,Marketing,Equipment,6276.28,,Rejected
06-04-2022,R&D,Travel,4453.48,,Rejected
26-11-2020,IT,Travel,204.8,TRUE,Rejected
13-11-2022,Sales,Equipment,9652.79,FALSE,Rejected
19-12-2022,Marketing,Misc,9624.03,TRUE,Rejected
25-06-2020,Sales,Travel,2253.77,TRUE,Approved
09-04-2022,R&D,Equipment,509.33,FALSE,Approved
03-12-2021,Marketing,Salaries,5348.97,,Rejected
02-04-2021,R&D,Equipment,9518.97,FALSE,Approved
25-09-2021,HR,Travel,9112.92,FALSE,Rejected
17-04-2020,Marketing,Misc,5888.16,FALSE,Pending
17-08-2021,R&D,Misc,3105.13,FALSE,
04-04-2020,Sales,Misc,3366.61,,Rejected
20-03-2022,R&D,Travel,8989.34,TRUE,Rejected
18-01-2022,IT,Salaries,4968.66,,Pending
31-08-2021,IT,Misc,1398.05,TRUE,Rejected
29-07-2021,Sales,Utilities,2559.41,FALSE,Pending
06-12-2022,R&D,Salaries,2840.27,,Pending
01-06-2022,Marketing,Equipment,1323.11,FALSE,Pending
18-02-2021,Sales,Utilities,4684.14,FALSE,Rejected
21-05-2022,R&D,Salaries,9168.9,FALSE,Pending
08-05-2022,HR,Travel,6720.95,,
22-05-2021,IT,Utilities,817.49,FALSE,Pending
28-03-2021,Sales,Salaries,154.4,TRUE,Rejected
23-07-2021,R&D,Salaries,2834.85,FALSE,Pending
16-09-2020,HR,Salaries,3690.66,,Rejected
15-04-2021,IT,Salaries,7789.82,,
18-10-2022,HR,Misc,9673.35,FALSE,Rejected
18-01-2020,Sales,Utilities,3936.92,TRUE,Rejected
22-02-2020,R&D,Salaries,6898.23,FALSE,
25-06-2022,HR,Equipment,9949.53,,
09-04-2020,HR,Salaries,7482.1,FALSE,Rejected
17-07-2021,HR,Misc,6398.28,FALSE,Approved
11-06-2021,Marketing,Utilities,872.94,,Pending
25-03-2020,HR,Utilities,3299.83,,
30-11-2021,R&D,Salaries,9142.58,,Rejected
02-09-2021,R&D,Salaries,2089.95,,Pending
05-07-2022,R&D,Equipment,8451.54,TRUE,Pending
02-05-2022,IT,Utilities,6993.6,FALSE,Approved
29-04-2022,HR,Utilities,3726.61,,
19-02-2020,Sales,Utilities,5338.83,,
25-09-2022,IT,Travel,5473.78,FALSE,Approved
06-03-2021,Marketing,Utilities,7169.13,TRUE,Approved
27-04-2022,R&D,Utilities,5213.9,,Pending
04-02-2021,Marketing,Equipment,1417.45,,Pending
16-09-2020,IT,Equipment,7757.2,TRUE,Rejected
08-03-2022,Marketing,Misc,4122.1,TRUE,Pending
04-08-2022,IT,Equipment,9634.63,,Approved
28-07-2022,Marketing,Utilities,2906.79,,Pending
14-03-2022,R&D,Utilities,2704.48,,Approved
03-07-2022,HR,Utilities,3401.72,FALSE,Approved
22-03-2020,R&D,Equipment,5765.94,,Approved
18-07-2021,R&D,Salaries,8959.21,TRUE,Approved
02-02-2021,R&D,Travel,1845.19,TRUE,Approved
13-09-2021,HR,Misc,2868.82,TRUE,Approved
10-04-2020,R&D,Salaries,5858.63,,Approved
08-01-2022,IT,Travel,4597.91,,Pending
13-10-2021,Marketing,Equipment,4528.5,TRUE,
13-09-2022,HR,Misc,8225.27,FALSE,Pending
09-11-2022,Sales,Misc,9246.4,,Rejected
17-06-2020,IT,Equipment,4864.94,TRUE,
18-05-2020,HR,Salaries,6904.78,FALSE,
06-06-2020,Marketing,Travel,8030.48,TRUE,Rejected
01-10-2020,HR,Utilities,5231.83,,Rejected
05-04-2022,IT,Utilities,3013.73,FALSE,Approved
01-01-2022,IT,Travel,6417.04,FALSE,Pending
07-03-2022,Sales,Utilities,5892.58,,
17-09-2022,R&D,Salaries,9025.47,,Pending
19-09-2022,Marketing,Equipment,618.83,,Pending
18-09-2021,IT,Utilities,9110.3,FALSE,Rejected
22-01-2022,IT,Equipment,5390.88,TRUE,Approved
16-10-2021,Marketing,Utilities,255.19,TRUE,Pending
14-10-2021,IT,Utilities,3512.55,TRUE,Rejected
23-05-2022,Sales,Misc,7270.9,,
07-11-2020,Sales,Utilities,4935.49,,
22-05-2022,R&D,Misc,9803.57,TRUE,
28-11-2021,HR,Travel,4283.84,,
07-08-2022,Marketing,Utilities,3333.69,,Rejected
31-08-2020,Sales,Utilities,8234.55,TRUE,Pending
28-12-2020,Sales,Utilities,5524.28,TRUE,Pending
05-04-2020,Sales,Misc,6855.03,,Pending
29-11-2021,Sales,Utilities,8076.45,FALSE,Pending
21-04-2020,R&D,Salaries,6747.13,,Pending
25-06-2022,IT,Travel,4281.83,FALSE,
23-05-2020,Sales,Equipment,1335.48,FALSE,Rejected
01-08-2022,R&D,Equipment,5844.46,FALSE,Pending
25-12-2021,HR,Misc,8984.59,FALSE,Rejected
06-08-2022,IT,Travel,4247.04,FALSE,Rejected
24-08-2020,HR,Travel,9116.18,,Pending
24-12-2021,IT,Equipment,5084.93,TRUE,
02-01-2020,IT,Misc,6246.33,FALSE,Pending
02-06-2021,IT,Salaries,8346.59,FALSE,Rejected
07-03-2022,R&D,Travel,5689.51,FALSE,
05-04-2021,Marketing,Equipment,1000.6,,
26-05-2020,HR,Salaries,9811.7,TRUE,Pending
20-11-2020,IT,Salaries,2533.91,FALSE,Rejected
23-07-2021,IT,Salaries,7134,FALSE,Pending
21-09-2022,Sales,Utilities,5100.62,,Approved
25-02-2020,Sales,Salaries,4839.85,FALSE,Pending
24-03-2020,R&D,Salaries,2515.01,TRUE,
16-04-2021,IT,Equipment,7249.29,TRUE,Pending
13-04-2021,HR,Misc,1216.6,FALSE,Approved
03-03-2021,HR,Utilities,9905.49,,Approved
28-02-2021,Sales,Equipment,8469.2,TRUE,Pending
27-08-2020,Sales,Equipment,5391.64,,Pending
03-05-2022,Marketing,Salaries,4303.07,TRUE,Approved
02-12-2022,IT,Utilities,2936,TRUE,Rejected
15-06-2022,IT,Misc,5065.76,FALSE,Approved
14-11-2020,Sales,Misc,8806.23,TRUE,Pending
25-02-2021,Sales,Equipment,2822.56,FALSE,Approved
01-05-2022,Sales,Utilities,5055.32,TRUE,
29-06-2020,Marketing,Equipment,2422.04,TRUE,
17-06-2022,Marketing,Equipment,3437.78,TRUE,Approved
23-06-2020,Marketing,Misc,1983.58,FALSE,Pending
21-06-2022,IT,Misc,9906.34,TRUE,Approved
04-12-2020,Marketing,Equipment,5757.82,TRUE,Rejected
09-10-2021,IT,Misc,7354.87,,Approved
04-01-2021,Sales,Misc,1072.67,,Approved
09-11-2020,IT,Salaries,3724.56,TRUE,Approved
11-01-2021,HR,Salaries,8937.13,FALSE,Approved
05-02-2021,R&D,Travel,935.94,,Rejected
17-03-2020,Sales,Travel,1738.28,FALSE,
13-11-2021,HR,Equipment,6291.63,TRUE,Pending
01-06-2022,R&D,Equipment,6265.61,,Pending
04-12-2022,HR,Equipment,8398.45,FALSE,
01-11-2022,R&D,Equipment,9361.38,FALSE,Pending
17-01-2021,R&D,Misc,1505.67,,
25-08-2021,Marketing,Travel,2667.8,TRUE,Pending
05-11-2022,HR,Equipment,4331.87,TRUE,
30-08-2020,HR,Salaries,108.94,,Pending
21-06-2020,Sales,Misc,791.16,FALSE,Pending
27-02-2022,IT,Travel,2342.26,,Pending
04-05-2021,HR,Misc,4862.91,,
06-12-2020,HR,Utilities,2590.08,,Rejected
26-04-2020,Sales,Equipment,8779.15,TRUE,Approved
11-01-2022,Sales,Salaries,3310.3,TRUE,Approved
16-07-2021,Marketing,Travel,9253.77,FALSE,Pending
08-03-2021,IT,Misc,9750.39,,
28-10-2021,IT,Travel,4553.63,,
10-03-2021,Marketing,Utilities,2348.58,,Pending
10-06-2022,Sales,Salaries,2987.49,,Approved
27-05-2021,Sales,Misc,7785.7,TRUE,Approved
02-06-2020,Sales,Utilities,2806.16,TRUE,Approved
08-10-2020,HR,Salaries,3867.77,FALSE,Rejected
05-12-2022,IT,Equipment,4837.9,FALSE,Pending
20-08-2021,IT,Travel,5793.6,,Pending
18-04-2022,R&D,Utilities,9961.39,FALSE,Pending
16-02-2022,R&D,Travel,2398.88,,Rejected
05-04-2021,HR,Travel,3598.89,TRUE,Approved
12-04-2021,HR,Utilities,2702.62,TRUE,
03-03-2021,IT,Utilities,3675.02,TRUE,
15-08-2022,R&D,Misc,1097.96,FALSE,
18-09-2021,Marketing,Salaries,3662.12,,Pending
28-03-2022,Sales,Equipment,8889.86,FALSE,Approved
07-11-2022,IT,Salaries,3056.04,,Pending
04-07-2021,Marketing,Equipment,3782.15,FALSE,Approved
11-09-2020,HR,Equipment,9450.29,TRUE,Rejected
07-09-2020,Sales,Misc,7310.95,FALSE,Pending
27-09-2021,HR,Salaries,5215.71,TRUE,Pending
02-08-2020,R&D,Utilities,7794.21,,Approved
19-04-2021,Marketing,Travel,1319.48,TRUE,Pending
09-08-2021,Sales,Misc,4698.45,FALSE,
04-07-2021,Sales,Misc,1270.54,,Rejected
02-02-2020,HR,Misc,2412.82,FALSE,Approved
17-12-2022,IT,Utilities,1504.49,FALSE,
18-05-2021,Marketing,Travel,3681.83,FALSE,Pending
28-05-2021,Sales,Equipment,3878.23,TRUE,Approved
27-03-2021,Sales,Utilities,9478.35,,
18-09-2022,R&D,Salaries,2714.84,FALSE,Approved
19-09-2022,Marketing,Salaries,4777.05,TRUE,
07-10-2020,Marketing,Utilities,8132.66,FALSE,
10-11-2020,Sales,Misc,8174.61,,
20-06-2021,Marketing,Utilities,7528.4,TRUE,Pending
10-12-2021,Marketing,Travel,2949.55,FALSE,Approved
18-09-2020,Sales,Equipment,5000.22,FALSE,Approved
14-08-2020,Sales,Equipment,1943.49,TRUE,Approved
01-02-2020,HR,Equipment,1965.16,,
03-02-2022,HR,Equipment,4414.83,,Rejected
12-08-2020,HR,Misc,7412.06,,Rejected
30-11-2021,HR,Salaries,5313.18,TRUE,Rejected
25-09-2021,Marketing,Salaries,8878.16,TRUE,Pending
26-11-2021,R&D,Utilities,8326,FALSE,
10-11-2021,Sales,Equipment,412.89,TRUE,Approved
28-12-2022,Sales,Salaries,5727.35,FALSE,Pending
07-03-2021,IT,Travel,6130.7,TRUE,Pending
23-01-2022,R&D,Utilities,9619.59,,Rejected
15-02-2022,R&D,Misc,330.04,,Rejected
04-09-2020,Sales,Salaries,5357.93,TRUE,Approved
14-10-2022,R&D,Equipment,2127.34,TRUE,Pending
08-07-2020,IT,Misc,631.26,,Pending
05-08-2022,Marketing,Travel,5916.14,,
09-01-2022,HR,Travel,7748.78,TRUE,
25-05-2020,IT,Travel,7771.17,,Approved
16-11-2021,HR,Misc,399.86,TRUE,Rejected
23-09-2022,Sales,Salaries,4128.77,TRUE,Rejected
19-08-2021,Marketing,Salaries,540.65,TRUE,Rejected
07-11-2022,IT,Equipment,2553.6,TRUE,Rejected
26-11-2020,R&D,Misc,2009.52,TRUE,Approved
11-03-2020,Marketing,Salaries,2230.31,TRUE,Approved
05-06-2021,IT,Utilities,3457.27,FALSE,Approved
27-01-2022,Marketing,Equipment,2846.44,TRUE,
12-10-2020,Sales,Salaries,9626.57,TRUE,Approved
19-07-2022,R&D,Utilities,3588.83,FALSE,Approved
07-02-2022,HR,Equipment,8952.31,,
02-10-2022,HR,Travel,1892.31,TRUE,
31-10-2022,HR,Travel,7661.09,TRUE,Rejected
30-04-2021,IT,Utilities,707.32,FALSE,Rejected
12-05-2020,Marketing,Travel,4681.34,,
24-05-2022,R&D,Utilities,154.55,TRUE,Pending
13-10-2022,R&D,Equipment,8121.88,TRUE,Rejected
02-08-2020,IT,Salaries,9509.81,FALSE,
16-01-2020,R&D,Equipment,447.56,,Pending
28-07-2020,R&D,Utilities,9345.08,,Rejected
05-03-2020,Marketing,Misc,7761.15,,Rejected
19-02-2020,Marketing,Misc,3652.73,,Approved
15-04-2022,Marketing,Utilities,9097.88,FALSE,
29-09-2022,IT,Travel,3032.95,FALSE,Rejected
12-11-2021,IT,Utilities,4152.02,TRUE,Pending
20-06-2021,IT,Salaries,1057.44,TRUE,Approved
21-01-2021,R&D,Equipment,6603.7,FALSE,Approved
23-06-2021,HR,Utilities,393.05,,Rejected
11-07-2022,R&D,Salaries,4900.56,TRUE,
23-07-2021,Marketing,Misc,6863.6,TRUE,Approved
17-09-2021,HR,Utilities,8230.25,,Pending
05-06-2021,Sales,Travel,1584.42,TRUE,Pending
04-11-2020,HR,Utilities,7565.49,FALSE,Pending
12-05-2021,Marketing,Misc,7218.86,FALSE,Pending
28-02-2021,Marketing,Salaries,5639.75,TRUE,
18-01-2022,Marketing,Utilities,5887.98,FALSE,Approved
03-05-2021,Marketing,Utilities,1003.58,TRUE,Pending
15-08-2021,Sales,Travel,6044.66,TRUE,Pending
17-08-2021,HR,Utilities,3877.07,FALSE,
27-12-2022,Sales,Equipment,8689.05,FALSE,Pending
03-04-2020,R&D,Utilities,3199.68,FALSE,Rejected
28-02-2022,HR,Salaries,5808.29,TRUE,
08-09-2021,R&D,Equipment,4323.06,FALSE,Rejected
01-03-2020,R&D,Travel,8774.99,,
06-08-2020,R&D,Salaries,2613.78,TRUE,Approved
11-09-2021,Marketing,Travel,880.14,TRUE,
02-06-2022,HR,Utilities,7511.69,,Pending
07-09-2020,IT,Utilities,4187.68,,Approved
02-10-2022,HR,Utilities,5932.07,TRUE,Rejected
28-02-2021,Marketing,Misc,361.25,,Rejected
08-05-2022,HR,Misc,9525.89,FALSE,Approved
24-11-2020,Marketing,Misc,8788.42,FALSE,
11-01-2021,HR,Equipment,6276.29,TRUE,Rejected
10-12-2021,HR,Misc,268.6,TRUE,Pending
17-02-2021,R&D,Utilities,3841.97,FALSE,Rejected
22-05-2022,Sales,Utilities,9790.09,TRUE,Pending
16-12-2022,HR,Travel,6845.17,FALSE,Rejected
08-04-2021,IT,Salaries,1693.78,,Rejected
26-06-2021,Sales,Salaries,4659.91,,Approved
16-06-2021,IT,Equipment,9670.7,,Rejected
26-08-2021,HR,Salaries,5393.61,TRUE,
24-11-2022,Marketing,Equipment,343.68,,Approved
21-03-2020,HR,Travel,6235.74,FALSE,Pending
06-02-2020,R&D,Utilities,2785.04,FALSE,Approved
09-05-2020,Marketing,Utilities,1078.57,FALSE,Rejected
28-04-2021,IT,Equipment,4088.79,FALSE,Pending
30-12-2020,HR,Misc,5629.38,FALSE,Approved
14-01-2020,HR,Travel,268.7,,Approved
12-01-2021,Marketing,Utilities,5634.56,FALSE,Approved
20-05-2020,HR,Utilities,5160.91,,Approved
19-12-2020,Sales,Travel,7959.69,FALSE,Rejected
14-12-2021,IT,Equipment,4293.14,TRUE,Pending
25-08-2021,HR,Misc,5579.16,,Approved
26-01-2021,HR,Equipment,7445.89,TRUE,
02-04-2021,Marketing,Travel,8981.74,,Approved
18-12-2022,R&D,Salaries,3862.34,,Approved
26-01-2022,IT,Equipment,6056.17,TRUE,Rejected
09-03-2021,Sales,Salaries,6976.65,FALSE,Rejected
01-09-2020,Sales,Travel,528.38,FALSE,
16-06-2020,Marketing,Salaries,8027.53,FALSE,
02-04-2022,Sales,Utilities,3836.56,FALSE,Approved
06-05-2020,R&D,Salaries,6735.37,,Approved
25-06-2020,HR,Misc,4769.47,FALSE,Pending
29-11-2021,IT,Misc,7053.16,,
15-03-2020,HR,Travel,7270.88,,Pending
31-12-2021,Marketing,Misc,1996.55,,Rejected
18-10-2020,HR,Salaries,6655.52,TRUE,Approved
13-02-2020,R&D,Utilities,8528.1,TRUE,Rejected
07-05-2020,Sales,Travel,2432.12,FALSE,
26-07-2021,IT,Equipment,7606.02,,Approved
28-06-2022,R&D,Utilities,6374.87,FALSE,
08-05-2022,Marketing,Equipment,9555.75,TRUE,
18-12-2020,IT,Travel,2676.44,TRUE,Pending
03-04-2021,HR,Equipment,1627.35,TRUE,
08-12-2022,Marketing,Utilities,3190,,Pending
20-07-2021,HR,Misc,2653.79,TRUE,Rejected
01-11-2022,R&D,Travel,7592.64,TRUE,Rejected
24-04-2022,R&D,Misc,7357.78,FALSE,
21-03-2021,Marketing,Misc,6729.88,FALSE,Rejected
21-04-2022,Sales,Misc,2242.15,FALSE,Pending
03-12-2020,Marketing,Utilities,8631.89,FALSE,Approved
10-05-2022,Sales,Salaries,9570.06,TRUE,Approved
24-08-2022,Marketing,Misc,5362.9,TRUE,Rejected
07-02-2022,Marketing,Salaries,6528.79,,Approved
12-08-2020,IT,Travel,5056.85,TRUE,Approved
11-08-2021,Sales,Equipment,2907.22,FALSE,
16-07-2022,Sales,Misc,2932.86,,Rejected
18-10-2022,R&D,Salaries,3202.86,,Pending
01-07-2022,HR,Travel,1989.42,TRUE,
04-05-2022,R&D,Utilities,9029.04,TRUE,Rejected
11-03-2021,Sales,Travel,8598.14,,Rejected
06-06-2021,IT,Utilities,4670.23,,Rejected
26-05-2020,Sales,Equipment,3735.79,,Approved
16-06-2020,HR,Equipment,9396.88,TRUE,
29-03-2021,HR,Salaries,2301.5,FALSE,Rejected
11-09-2021,Marketing,Utilities,5580.07,,
27-11-2022,IT,Utilities,639.53,TRUE,Rejected
10-08-2022,R&D,Equipment,1992.9,,Pending
25-06-2020,IT,Travel,6079.87,TRUE,Pending
07-01-2020,Marketing,Travel,6655.62,TRUE,Rejected
05-05-2022,Sales,Salaries,5851.86,TRUE,
13-05-2022,HR,Equipment,8709.05,TRUE,Pending
07-08-2020,Sales,Equipment,9934.71,,Rejected
15-03-2020,Sales,Misc,7662.23,FALSE,Pending
16-05-2020,Marketing,Salaries,4704.41,,Rejected
11-02-2020,R&D,Equipment,8355.95,,
12-04-2021,Sales,Misc,1291.84,FALSE,Pending
30-11-2022,HR,Utilities,6864.38,TRUE,Approved
24-11-2022,HR,Misc,5231.54,FALSE,Pending
11-01-2022,R&D,Equipment,1862.85,,Pending
21-10-2021,R&D,Travel,9732.04,TRUE,Rejected
25-03-2022,Marketing,Salaries,3450.53,,
17-02-2022,IT,Utilities,6192.69,TRUE,Pending
02-04-2021,HR,Travel,8798.08,,
02-08-2022,Sales,Salaries,5116.22,TRUE,Pending
03-03-2021,Marketing,Utilities,1239.86,,Approved
27-04-2021,R&D,Utilities,8205.52,TRUE,Rejected
08-05-2021,Sales,Equipment,3596.82,FALSE,Approved
29-09-2021,IT,Misc,9832.36,,
04-09-2020,R&D,Travel,8849.87,FALSE,Rejected
19-05-2021,IT,Misc,8549.15,TRUE,Rejected
15-02-2020,IT,Equipment,3626.91,TRUE,Rejected
22-12-2022,HR,Equipment,7595.58,FALSE,Pending
06-03-2021,HR,Travel,9864.66,TRUE,Rejected
13-01-2020,IT,Utilities,5310.58,TRUE,Approved
01-11-2020,HR,Salaries,4760.25,TRUE,Pending
19-05-2021,R&D,Utilities,245.19,FALSE,Rejected
24-01-2021,IT,Misc,7032.02,,Rejected
07-03-2020,IT,Travel,8598.93,,
02-07-2021,Marketing,Equipment,2549.83,,Pending
31-12-2020,Marketing,Utilities,3218.74,TRUE,
17-06-2021,Marketing,Travel,5056.7,TRUE,
06-10-2021,Marketing,Salaries,813.59,FALSE,Approved
29-04-2022,Sales,Equipment,987.46,FALSE,Approved
03-09-2020,Marketing,Utilities,4269,FALSE,Pending
23-10-2020,R&D,Equipment,2686.07,FALSE,Pending
10-08-2021,Sales,Misc,4119.77,TRUE,Pending
25-01-2021,R&D,Salaries,4598.42,FALSE,Pending
24-06-2021,Marketing,Salaries,9765.11,FALSE,
19-03-2021,IT,Salaries,9448.17,FALSE,Pending
23-08-2022,Sales,Misc,1483.33,,
17-03-2022,IT,Utilities,8837.6,TRUE,Rejected
03-01-2021,R&D,Utilities,894.05,FALSE,Approved
17-09-2022,R&D,Utilities,5125.59,TRUE,Pending
29-11-2020,Sales,Utilities,1722.71,FALSE,Rejected
24-11-2022,R&D,Utilities,3722.33,,
16-04-2022,Sales,Travel,7459.07,,Pending
25-01-2021,R&D,Misc,4302.6,TRUE,
27-04-2022,IT,Salaries,8088.82,FALSE,Approved
22-05-2022,HR,Utilities,7216.28,,
18-06-2021,Marketing,Utilities,9434.11,FALSE,Approved
04-09-2022,Marketing,Salaries,5388.14,FALSE,Approved
18-06-2022,HR,Salaries,8041.26,,Approved
